id_venda;data;id_cliente;id_produto;qtd;valor_total
1001;01/10/2026;C-01;P-100;2;179,80
1002;01/10/2026;C-03;P-102;1;249,90
1003;02/10/2026;C-02;P-100;1;89,90
1004;02/10/2026;C-05;P-101;3;134,70
1005;03/10/2026;C-01;P-103;1;59,90
1006;05/10/2026;C-04;P-102;2;499,80
1007;08/10/2026;C-03;P-100;1;89,90
1008;11/10/2026;C-06;P-104;5;99,50
1009;14/10/2026;C-02;P-101;2;89,80
1010;18/10/2026;C-05;P-103;1;59,90
1011;22/10/2026;C-01;P-102;1;249,90
1012;25/10/2026;C-07;P-100;4;359,60
1013;28/10/2026;C-04;P-104;2;39,80
1014;30/10/2026;C-06;P-101;1;44,90
1015;30/10/2026;C-03;P-103;3;179,70
